Team,Year,G,W,L,MP,FG,FGA,FG%,3P,3PA,3P%,2P,2PA,2P%,FT,FTA,FT%,ORB,DRB,TRB,AST,STL,BLK,TOV,PF,PTS
Phoenix Suns,1993-94,82,56,26,240.3,41.8,86.3,0.484,4.2,12.7,0.33,37.6,73.6,0.511,20.4,28.1,0.728,14.9,29.9,44.8,27.6,9.1,5.6,15.9,20,108.2
Golden State Warriors,1993-94,82,50,32,241.2,42.8,87.1,0.492,3.5,10.5,0.339,39.3,76.7,0.512,18.6,28.1,0.664,14.4,29.2,43.6,26.8,9.8,6.2,17.5,21.8,107.9
Portland Trail Blazers,1993-94,82,47,35,240.9,41.1,90.6,0.454,3.3,9.4,0.353,37.8,81.2,0.466,21.7,29.2,0.743,15.9,30,45.9,25.2,9.1,5,14.8,22.3,107.3
Charlotte Hornets,1993-94,82,41,41,241.8,41.2,86.6,0.476,4.1,11.2,0.367,37.1,75.4,0.493,19.9,26,0.764,12.4,30.2,42.6,27,8.8,4.8,15.4,21.3,106.5
Seattle SuperSonics,1993-94,82,63,19,240.6,40.7,84.2,0.484,3,8.8,0.335,37.8,75.4,0.501,21.6,29,0.745,14,27.2,41.2,25.8,12.8,4.5,15.4,23.3,105.9
Orlando Magic,1993-94,82,50,32,240.6,40.7,83.9,0.485,4.8,13.9,0.347,35.9,70.1,0.513,19.4,28.6,0.678,14.4,28.7,43.1,25.2,8.3,5.6,16.2,20.9,105.7
Miami Heat,1993-94,82,42,40,241.5,39,84.1,0.464,4.1,12.2,0.338,34.9,71.9,0.485,21.3,27.1,0.785,15.1,29.4,44.4,22.6,7.8,4.6,16,24.7,103.4
New Jersey Nets,1993-94,82,45,37,241.8,38.6,86.8,0.445,2.7,8.3,0.327,35.9,78.4,0.458,23.2,30.4,0.762,15.9,31.2,47,23.2,8.5,7,14.6,20.6,103.2
Los Angeles Clippers,1993-94,82,27,55,241.2,40.8,87.4,0.467,3.1,10.1,0.303,37.7,77.2,0.488,18.4,26,0.709,13.7,29.4,43,26.5,9.8,5.1,18,21.6,103
Utah Jazz,1993-94,82,53,29,241.8,39.1,82.1,0.477,2.2,6.8,0.32,36.9,75.2,0.491,21.5,29,0.74,12.9,29.1,42,26.6,9.2,4.4,14.5,24.2,101.9
Atlanta Hawks,1993-94,82,57,25,240.9,39.6,85.8,0.461,3.3,10.1,0.323,36.3,75.7,0.48,19,25.2,0.752,15.2,29.5,44.8,25.1,11.2,5.5,15.3,19.8,101.4
Cleveland Cavaliers,1993-94,82,47,35,242.1,38.2,82.1,0.465,3.6,9.9,0.362,34.6,72.2,0.48,21.2,27.5,0.77,13.3,28.7,42,25,8.6,5.2,13.9,20.7,101.2
Houston Rockets,1993-94,82,58,24,241.2,39,82.1,0.475,5.2,15.7,0.334,33.8,66.4,0.508,17.9,24.1,0.743,11.3,31.9,43.2,25.5,8.7,5.9,16.3,20.1,101.1
Sacramento Kings,1993-94,82,28,54,240.9,38.8,85.7,0.452,3.1,8.9,0.353,35.6,76.8,0.464,20.4,28,0.731,13.7,28.6,42.3,24.7,8.2,4.3,16.3,24.1,101.1
Indiana Pacers,1993-94,82,47,35,240.9,38.6,79.5,0.486,2.2,6.1,0.368,36.4,73.4,0.496,21.5,29.1,0.738,13.8,29.4,43.2,25.1,8.6,5.6,17.6,24.1,101
Boston Celtics,1993-94,82,32,50,242.7,40.6,86.1,0.472,1.7,5.8,0.289,39,80.2,0.486,17.8,24.4,0.73,12.6,29,41.7,23.5,8.2,5.4,15.1,22.5,100.8
Los Angeles Lakers,1993-94,82,33,49,240.9,40.1,89.2,0.45,2.9,9.8,0.3,37.2,79.4,0.468,17.2,24,0.717,15.4,26.9,42.2,24.2,9.2,5.6,14.6,22.9,100.4
Washington Bullets,1993-94,82,24,58,240.3,39,83.2,0.468,2.7,9.1,0.297,36.3,74.2,0.489,19.7,26.4,0.748,13.1,26.7,39.8,22.2,8.5,3.9,17.1,20.9,100.4
Denver Nuggets,1993-94,82,42,40,240.9,38.5,82.7,0.465,2.1,7.3,0.285,36.4,75.4,0.483,21.2,29.5,0.718,13.5,31.2,44.7,21.5,8.3,8.4,17.3,23.5,100.3
San Antonio Spurs,1993-94,82,55,27,241.2,38.8,81.6,0.475,3,8.7,0.349,35.7,72.9,0.49,19.5,26.2,0.742,14.5,31.7,46.2,23.1,6.8,5.5,14.6,20.3,100
New York Knicks,1993-94,82,57,25,240.9,37.8,82.1,0.46,3.9,11.1,0.348,33.9,71.1,0.477,19.1,25.6,0.746,14.3,31,45.3,25.2,9.2,4.7,16.6,24.4,98.5
Philadelphia 76ers,1993-94,82,25,57,241.5,37.8,83.2,0.455,3.9,11.5,0.338,34,71.7,0.474,18.4,25.8,0.714,12.3,29.2,41.5,22.3,8.1,6.4,16.7,18.1,98
Chicago Bulls,1993-94,82,55,27,241.2,39.6,83.1,0.476,2.8,8,0.354,36.7,75.1,0.489,16,22.7,0.705,13.9,29.2,43.1,25.6,9,4.3,15.9,21.3,98
Milwaukee Bucks,1993-94,82,20,62,240.3,37.1,83,0.447,4,12.4,0.325,33.1,70.6,0.469,18.7,26.6,0.702,13.7,26.3,40,23.7,9.8,5,16.4,22.2,96.9
Detroit Pistons,1993-94,82,20,62,240.6,38.6,85.6,0.452,4.4,12.7,0.344,34.3,72.9,0.47,15.3,20.9,0.731,12.5,28.3,40.8,21.5,7.3,3.8,15.1,23.6,96.9
Minnesota Timberwolves,1993-94,82,20,62,240.6,36.4,79.7,0.457,2.2,6.8,0.329,34.2,72.9,0.469,21.7,28.1,0.772,12.1,28.6,40.6,24,7.3,5.4,18,24.6,96.7
Dallas Mavericks,1993-94,82,13,69,240.6,37.3,86.2,0.432,2.9,9.4,0.312,34.3,76.8,0.447,17.7,23.7,0.747,15.5,26.2,41.7,19.9,9.4,3.6,17,24.5,95.1
Orlando Magic,1994-95,82,57,25,243,42.2,84.1,0.502,6.4,17.2,0.37,35.8,66.9,0.535,20.1,30.1,0.669,14,30,44,27.8,8.2,6,15.8,21,110.9
Phoenix Suns,1994-95,82,59,23,241.8,40.9,85,0.482,7.1,19.3,0.369,33.8,65.6,0.515,21.7,28.7,0.756,12.5,29.3,41.8,26.8,8.4,3.8,14.2,22.4,110.6
Seattle SuperSonics,1994-95,82,57,25,241.8,40.4,82.2,0.491,6,15.9,0.376,34.4,66.3,0.519,23.7,31.3,0.758,13,28.5,41.5,25.8,11.2,4.8,15.8,25.2,110.4
San Antonio Spurs,1994-95,82,62,20,242.1,39.5,81.5,0.484,5.3,14.1,0.375,34.2,67.4,0.507,22.4,30.3,0.738,12.5,32.5,45,23.4,8,5.6,15.2,22.8,106.6
Utah Jazz,1994-95,82,60,22,241.2,39.5,77.3,0.512,3.7,9.8,0.376,35.9,67.5,0.531,23.6,30.3,0.781,10.7,29.4,40.1,27.5,9.2,4.8,15.7,24.9,106.4
Golden State Warriors,1994-95,82,26,56,242.7,39.2,83.8,0.468,6.7,19.5,0.341,32.6,64.3,0.507,20.6,29.2,0.704,13.4,28.9,42.3,24.6,7.9,4.8,18.3,22,105.7
Los Angeles Lakers,1994-95,82,48,34,242.7,40,86.4,0.463,6.4,18.2,0.352,33.6,68.2,0.493,18.6,25.3,0.735,13.7,28.2,42,25.3,9.1,6.9,15.2,23.6,105.1
Houston Rockets,1994-95,82,47,35,240.6,38.5,80.2,0.48,7.9,21.4,0.368,30.6,58.8,0.521,18.6,24.9,0.749,10.7,29.8,40.5,25.1,8.8,6.3,16.1,20.9,103.5
Dallas Mavericks,1994-95,82,36,46,243,39.4,89.5,0.44,4.7,14.6,0.322,34.6,74.9,0.463,19.8,27,0.734,18.5,29.7,48.1,23.7,7.1,4.2,16.4,22.1,103.2
Portland Trail Blazers,1994-95,82,44,38,240.3,39.2,87,0.451,5.6,15.4,0.365,33.6,71.6,0.469,19,27.2,0.697,16.5,29.8,46.3,22.5,8.1,5.7,14.8,24.7,103.1
Boston Celtics,1994-95,82,35,47,241.5,38.8,83.5,0.464,4.4,12,0.368,34.4,71.5,0.48,20.8,27.7,0.753,14.1,28.3,42.4,21.7,7.5,4.4,15.9,24.1,102.8
Chicago Bulls,1994-95,82,47,35,241.8,38.9,81.8,0.476,5.4,14.5,0.373,33.5,67.4,0.498,18.3,25.2,0.726,13.5,28,41.5,24,9.7,4.3,15.8,23.9,101.5
Denver Nuggets,1994-95,82,41,41,243.7,37.8,78.8,0.479,5,14.1,0.356,32.7,64.6,0.507,20.7,28.1,0.738,12.7,29.3,42,22.4,8,7.1,16.8,25.2,101.3
Miami Heat,1994-95,82,32,50,241.5,38.3,82.2,0.467,5.3,14.4,0.369,33,67.8,0.487,19.1,26,0.736,13.3,27.7,41,21.7,8.1,3.6,15.7,24.4,101.1
Charlotte Hornets,1994-95,82,50,32,241.5,37.2,78.5,0.474,6.8,17.2,0.397,30.4,61.3,0.495,19.4,24.9,0.777,10.1,29.2,39.4,25.3,7.6,4.9,14.9,20.5,100.6
Washington Bullets,1994-95,82,21,61,242.1,38.7,84.1,0.46,5.3,15.4,0.343,33.5,68.7,0.487,17.8,24.5,0.724,12.7,27.1,39.8,21.3,7.9,4.9,15.9,23.8,100.5
Milwaukee Bucks,1994-95,82,34,48,242.1,36.9,80.3,0.459,6,16.5,0.366,30.8,63.9,0.483,19.6,27.5,0.712,13,26.7,39.6,21.2,8.2,4.4,17,22.7,99.3
Indiana Pacers,1994-95,82,52,30,241.2,36.4,76.2,0.477,4.6,12,0.38,31.8,64.2,0.496,21.9,29.1,0.751,12.8,27.9,40.7,22.9,8.6,4.4,16.3,23.6,99.2
Sacramento Kings,1994-95,82,39,43,242.1,36.9,78.8,0.468,4.4,12.6,0.346,32.5,66.2,0.491,20.1,28.3,0.711,13.1,28.4,41.4,22.2,7.9,5.6,17.7,24.9,98.2
New York Knicks,1994-95,82,55,27,241.2,36.4,78,0.467,6.5,17.6,0.368,29.9,60.3,0.496,18.9,25.8,0.734,11.3,30.2,41.5,25.1,7.2,4.7,15.9,25.6,98.2
Detroit Pistons,1994-95,82,28,54,240.6,37.3,80.9,0.461,6,17,0.354,31.3,63.9,0.49,17.5,23.7,0.741,11.7,26.9,38.6,22.8,8.6,5.1,16.1,26.2,98.2
New Jersey Nets,1994-95,82,30,52,242.4,35.8,82.2,0.436,5,15.8,0.319,30.8,66.4,0.464,21.3,28.1,0.759,14.8,31.3,46.1,23,6.6,6.7,15.9,22.5,98.1
Los Angeles Clippers,1994-95,82,17,65,242.4,37.3,84,0.444,4,12.8,0.315,33.3,71.2,0.468,18,25.4,0.71,13,25.3,38.3,22,9.6,5.3,16.3,26.2,96.7
Atlanta Hawks,1994-95,82,42,40,242.1,36.4,81.5,0.447,6.6,19.3,0.341,29.8,62.2,0.48,17.2,23.8,0.724,13.5,27.7,41.2,21.4,9,5,14.9,22,96.6
Philadelphia 76ers,1994-95,82,24,58,241.5,36,80.2,0.448,4.3,11.4,0.379,31.6,68.8,0.46,19.1,25.9,0.737,13.5,27.2,40.7,19.1,7.8,7,16.5,22.4,95.4
Minnesota Timberwolves,1994-95,82,21,61,241.2,34,75.8,0.449,3.9,12.4,0.313,30.2,63.5,0.475,22.2,28.7,0.775,10.8,25.5,36.3,21.7,7.4,4.9,17.1,25.3,94.2
Cleveland Cavaliers,1994-95,82,43,39,243,33.6,76.3,0.441,4.9,12.6,0.385,28.8,63.7,0.452,18.4,24.2,0.76,12.7,27.3,40,20.4,7.7,4.3,14.3,20.7,90.5
Chicago Bulls,1995-96,82,72,10,240.6,40.2,84,0.478,6.6,16.5,0.403,33.5,67.6,0.496,18.2,24.4,0.746,15.2,29.4,44.6,24.8,9.1,4.2,14.3,22,105.2
Seattle SuperSonics,1995-96,82,64,18,242.4,37.5,78.1,0.48,7.1,19.5,0.364,30.4,58.6,0.519,22.5,29.6,0.76,11.6,29.9,41.5,24.4,10.8,4.8,17.6,24,104.5
Orlando Magic,1995-96,82,60,22,242.1,39.1,81,0.482,7.6,20.1,0.378,31.5,60.9,0.517,18.8,27.2,0.691,11.8,29.3,41.1,25.4,8.1,5,14.1,20.8,104.5
Phoenix Suns,1995-96,82,41,41,243.4,38.5,81.4,0.473,4,12,0.332,34.5,69.4,0.498,23.3,30.1,0.771,12.3,30.5,42.8,24.4,7.6,4,14.7,21.7,104.3
Boston Celtics,1995-96,82,33,49,242.7,38.6,84.7,0.456,6.6,17.7,0.371,32,66.9,0.478,19.9,27.9,0.714,12.8,29.6,42.4,21.9,8,5,15.9,24.9,103.6
San Antonio Spurs,1995-96,82,59,23,241.2,38.4,80.5,0.477,6.3,16.1,0.392,32.1,64.4,0.498,20.3,27.6,0.736,11.4,31.5,43,24.9,7.9,6.5,14.6,22.2,103.4
Los Angeles Lakers,1995-96,82,53,29,240,39.2,81.8,0.48,5.8,16.6,0.351,33.4,65.2,0.512,18.6,25,0.746,12.1,28.1,40.2,25.4,8.8,6.3,14.2,20.8,102.9
Charlotte Hornets,1995-96,82,41,41,242.4,37.9,80.7,0.47,7.1,18.5,0.384,30.8,62.2,0.495,19.9,25.8,0.77,12,27.5,39.5,23.3,7.1,3.4,15.1,22.1,102.8
Dallas Mavericks,1995-96,82,26,56,243,38.1,90.6,0.42,9,24.9,0.36,29.1,65.8,0.443,17.4,24.1,0.722,17.2,29,46.2,23.3,7.8,4.2,15.5,22.4,102.5
Washington Bullets,1995-96,82,39,43,241.5,39,80.7,0.484,6,14.8,0.407,33,65.9,0.501,18.4,25.3,0.728,11.3,28.4,39.7,22.1,7.2,6.2,16.2,24.2,102.5
Houston Rockets,1995-96,82,48,34,241.5,37.5,81,0.464,7.8,21.5,0.362,29.8,59.5,0.501,19.6,25.7,0.765,11.2,29.9,41.1,24.2,7.9,5.8,15.2,21.4,102.5
Utah Jazz,1995-96,82,55,27,241.2,38.2,78.3,0.488,4.6,12.4,0.372,33.6,65.9,0.509,21.6,28.1,0.768,12.1,28.9,41,26.1,8.1,5.1,14.8,25,102.5
Golden State Warriors,1995-96,82,36,46,240.9,37.3,81.7,0.456,5.5,14.6,0.373,31.8,67.1,0.474,21.6,28.5,0.759,14.3,27.9,42.2,23,8.6,5.7,16.4,22.4,101.6
Sacramento Kings,1995-96,82,39,43,240.9,36.2,79.2,0.457,5.6,14.6,0.387,30.6,64.6,0.473,21.5,29.4,0.731,13.6,28.6,42.2,22.3,7.8,5.3,17.6,26,99.5
Los Angeles Clippers,1995-96,82,29,53,240.6,38.1,80.7,0.472,6.2,16.8,0.37,31.9,64,0.499,17,24.2,0.702,11.9,26.7,38.6,20.4,8.6,5,16.5,24.5,99.4
Portland Trail Blazers,1995-96,82,44,38,242.7,37.4,81.6,0.458,5.9,16.6,0.353,31.5,65,0.485,18.7,28.3,0.662,14.1,31.4,45.6,21.5,7.2,5.1,16.8,22.7,99.3
Indiana Pacers,1995-96,82,52,30,240.9,36.3,75.7,0.48,4.4,11.9,0.373,31.9,63.8,0.5,22.2,29.5,0.755,12.3,27.6,39.9,23.4,7.1,3.9,16.3,24.8,99.3
Atlanta Hawks,1995-96,82,46,36,240.6,36.4,81.3,0.448,6.9,19.5,0.355,29.5,61.8,0.477,18.6,24.5,0.757,14.4,26.2,40.6,19.6,9.4,3.9,15,20.9,98.3
Minnesota Timberwolves,1995-96,82,26,56,241.2,36.3,79,0.459,3.4,10.5,0.326,32.9,68.6,0.479,21.9,28.2,0.777,12,27.7,39.7,22.8,7.9,5.9,17.4,24.3,97.9
Denver Nuggets,1995-96,82,35,47,241.8,36.6,81.2,0.451,4.8,14,0.346,31.8,67.2,0.473,19.7,26.5,0.743,12.9,30.3,43.2,22.6,6.4,7.3,15.4,23,97.7
Toronto Raptors,1995-96,82,21,61,241.8,37.6,80.5,0.467,5,14.2,0.354,32.6,66.2,0.492,17.2,23.8,0.723,13.1,27,40,23.5,9.1,6,18.8,24.2,97.5
New York Knicks,1995-96,82,47,53,241.8,36.6,77.8,0.471,5.9,15.7,0.377,30.7,62.2,0.494,18,23.8,0.757,10.1,29.9,40,22.2,7.9,4.6,15.5,22.7,97.2
Miami Heat,1995-96,82,42,40,241.2,35.4,77.4,0.457,6.7,17.8,0.379,28.7,59.6,0.481,18.9,26.7,0.71,12.2,30.4,42.6,21.4,7,5.4,17,26.3,96.5
Milwaukee Bucks,1995-96,82,25,57,240.6,37,79.1,0.467,4.4,12.9,0.338,32.6,66.3,0.493,17.2,23.3,0.738,11.9,26.4,38.3,21.4,7.1,3.7,15.8,23.7,95.6
Detroit Pistons,1995-96,82,46,36,241.8,34.3,74.7,0.459,6.6,16.5,0.404,27.6,58.2,0.475,20.2,26.9,0.751,10.8,29.8,40.5,19.6,6.2,4.3,14.8,23.8,95.4
Philadelphia 76ers,1995-96,82,18,64,240.6,34.1,78.3,0.436,6,17.5,0.342,28.1,60.7,0.463,20.3,27.6,0.734,12.6,26.4,38.9,19.9,7.8,5.1,17.2,21.7,94.5
New Jersey Nets,1995-96,82,30,52,242.7,35.1,82.3,0.427,3,9.1,0.335,32.1,73.2,0.438,20.4,27.4,0.745,16.5,30.5,47,21.4,7.6,7,16.8,22.9,93.7
Cleveland Cavaliers,1995-96,82,47,35,241.8,33.7,73.1,0.46,7.3,19.3,0.377,26.4,53.9,0.49,16.5,21.6,0.763,10.6,25.1,35.6,22.2,8.2,4.1,13.1,20.5,91.1
Vancouver Grizzlies,1995-96,82,15,67,242.4,33.8,79.1,0.428,4.5,13.8,0.329,29.3,65.3,0.448,17.6,24.4,0.724,11.7,26.5,38.1,20.8,8.9,4.1,16.4,22.6,89.8
Chicago Bulls,1996-97,82,69,13,240.6,40,84.4,0.473,6.4,17.1,0.373,33.6,67.3,0.499,16.8,22.5,0.747,15.1,30,45.1,26.1,8.7,4,13.5,19.7,103.1
Utah Jazz,1996-97,82,64,18,241.8,38.2,75.8,0.504,4.1,11,0.37,34.1,64.8,0.526,22.7,29.5,0.769,10.8,29.4,40.2,26.8,9.1,5.1,15.4,24.2,103.1
Phoenix Suns,1996-97,82,40,42,242.1,38.3,81.8,0.469,6.4,17.4,0.369,31.9,64.4,0.496,19.7,25.9,0.761,11.2,29,40.1,25.2,8.1,3.9,14.4,21.1,102.8
Seattle SuperSonics,1996-97,82,57,25,241.2,36.5,78.2,0.467,6.8,19.3,0.353,29.7,58.9,0.504,21,28,0.752,12.3,27.7,40,23.5,11,4.7,15,22,100.9
Boston Celtics,1996-97,82,15,67,242.7,37.4,85,0.44,5.7,16.2,0.351,31.7,68.7,0.461,20.1,26.8,0.75,13.4,26.7,40,21.9,9.9,3.8,16.4,23.4,100.6
Houston Rockets,1996-97,82,57,25,242.1,37,79.1,0.468,8.2,22.4,0.365,28.9,56.6,0.509,18.3,24.3,0.755,11.3,31.3,42.6,24.5,8.4,4.2,16.6,19.6,100.6
Philadelphia 76ers,1996-97,82,22,60,241.2,36.6,83.5,0.438,5.3,16.5,0.319,31.3,67,0.468,21.7,29.9,0.725,15.5,28.7,44.2,20.7,8.3,4.8,17.5,21.1,100.2
Los Angeles Lakers,1996-97,82,56,26,243,36.8,81,0.454,6.7,18.3,0.367,30.1,62.7,0.48,19.7,28.4,0.692,13.3,29.4,42.8,22.5,9,7,14.9,22.2,100
Golden State Warriors,1996-97,82,30,52,242.7,36.5,80.1,0.456,5.9,16.6,0.353,30.7,63.5,0.483,20.7,26.6,0.778,13.2,27.5,40.8,22.2,7.5,4.4,17.2,21.8,99.6
Washington Bullets,1996-97,82,44,38,242.1,39.1,81.4,0.48,4,12.2,0.331,35.1,69.2,0.507,17.1,24.1,0.707,12.3,29.5,41.8,23.4,8.7,4.9,15.7,22.1,99.4
Portland Trail Blazers,1996-97,82,49,33,242.1,36.6,78.8,0.464,6.1,17.1,0.358,30.5,61.8,0.493,19.7,27.6,0.713,12.9,30.4,43.3,20.9,7.8,5.3,16.5,23.5,99
Charlotte Hornets,1996-97,82,54,28,241.5,36.4,77.3,0.471,7.2,16.9,0.428,29.2,60.5,0.483,18.8,24.2,0.777,11.1,28,39.1,24.6,7.3,4.3,14.7,20.8,98.9
Denver Nuggets,1996-97,82,21,61,243,35.8,81.5,0.439,7.8,20.9,0.372,28,60.7,0.462,18.5,24.3,0.761,12.1,29.9,42,23,6.1,5.9,16.6,21.8,97.8
New Jersey Nets,1996-97,82,26,56,241.2,36.5,86.5,0.422,5.9,16.7,0.353,30.6,69.8,0.439,18.3,24.8,0.74,17.2,29,46.2,21,8.3,5.9,15.7,22.7,97.2
Los Angeles Clippers,1996-97,82,36,46,243,36.5,81.7,0.446,5.8,16.3,0.354,30.7,65.3,0.469,18.5,25.3,0.731,13.3,27.3,40.7,20.3,8.9,5.4,16,24,97.2
Sacramento Kings,1996-97,82,34,48,242.1,36.6,80.6,0.454,5,12.9,0.391,31.5,67.7,0.466,18.2,25.2,0.723,13.4,28.1,41.5,21.9,7.2,4.4,16.2,23.7,96.4
Minnesota Timberwolves,1996-97,82,40,42,241.2,35.8,78.5,0.456,4.5,13.3,0.339,31.3,65.2,0.48,20,26.6,0.751,11.7,28.1,39.7,22.9,7.5,6.8,15.2,22.2,96.1
Toronto Raptors,1996-97,82,30,52,241.8,35.3,80.9,0.437,7.2,19.8,0.363,28.1,61.1,0.461,17.6,24.5,0.72,13.8,27.5,41.3,20.9,8.8,6.3,16.4,23,95.5
New York Knicks,1996-97,82,57,25,242.1,35.1,75.9,0.463,5.7,15.8,0.363,29.4,60.2,0.489,19.3,25.8,0.748,11.9,30.7,42.5,22.1,7.7,4.6,17.8,24.8,95.4
Indiana Pacers,1996-97,82,39,43,243,34.8,76.3,0.456,5.2,13.8,0.381,29.5,62.5,0.472,20.6,28.5,0.722,12.5,29.1,41.7,21.3,7.1,4.8,16.3,24.1,95.4
Milwaukee Bucks,1996-97,82,33,49,240.6,36.2,76.9,0.471,4,11.2,0.352,32.2,65.6,0.491,19,25.7,0.741,11.6,27.6,39.2,19.6,7.7,4.2,15.7,23.1,95.3
Miami Heat,1996-97,82,61,21,241.5,34.4,76,0.453,8.3,22.7,0.364,26.1,53.3,0.491,17.7,24.7,0.719,11.7,29.3,41,21.2,7.9,5.4,15.9,23.4,94.8
Atlanta Hawks,1996-97,82,56,26,241.5,34.3,76.9,0.446,8,22.4,0.359,26.3,54.5,0.481,18.2,23.8,0.763,12.5,28.7,41.1,19,8.5,5.2,15,19.4,94.8
Detroit Pistons,1996-97,82,54,28,241.8,34.5,74.3,0.464,7.1,18.3,0.388,27.4,56,0.488,18.1,24.3,0.745,10.5,28,38.4,19,7.7,3.5,12.7,20.1,94.2
Orlando Magic,1996-97,82,45,37,242.1,34.6,79.2,0.437,6.9,20.3,0.341,27.7,59,0.47,18,24.1,0.746,13.1,27.1,40.1,20.6,8.5,4.4,15.2,20,94.1
Dallas Mavericks,1996-97,82,24,58,241.5,34.3,78.7,0.436,5.2,16,0.327,29.1,62.6,0.464,16.8,23.4,0.717,12.7,27.6,40.3,20.3,8,4.3,16.1,21.9,90.6
San Antonio Spurs,1996-97,82,20,62,240.6,34.5,77.9,0.442,4.6,14.4,0.32,29.9,63.5,0.47,16.9,23.5,0.719,13.4,26,39.4,20.3,7.9,5.3,15.2,21.5,90.5
Vancouver Grizzlies,1996-97,82,14,68,241.2,34.4,78.7,0.437,5.4,15.5,0.349,29,63.2,0.458,15,21.1,0.709,12.5,26.3,38.8,22.7,8,5.7,15.9,21.4,89.2
Cleveland Cavaliers,1996-97,82,42,40,242.1,33,72.8,0.453,5.9,15.7,0.376,27.1,57.2,0.474,15.6,21.6,0.723,11.1,26.3,37.4,20.9,8,3.8,14.5,23,87.5
Los Angeles Lakers,1997-98,82,61,21,241.8,38.4,79.7,0.481,6.1,17.3,0.351,32.3,62.5,0.517,22.7,33.5,0.679,13.2,30.1,43.3,24.5,9,6.8,15.3,22.7,105.5
Minnesota Timberwolves,1997-98,82,45,37,243,38.5,83.5,0.461,3.7,10.6,0.347,34.8,72.8,0.478,20.4,27.5,0.743,13,29.6,42.6,25.2,7.8,5.2,13.9,23,101.1
Utah Jazz,1997-98,82,62,20,241.2,36.5,74.5,0.49,3,8.2,0.372,33.5,66.4,0.504,24.9,32.2,0.773,11.7,29.3,41.1,25.2,7.9,5,15.4,23.9,101
Seattle SuperSonics,1997-98,82,61,21,240.9,37.2,78.8,0.473,7.6,19.1,0.396,29.6,59.6,0.497,18.5,25.7,0.721,11.4,27.1,38.5,24.2,9.8,4.6,14,22.1,100.6
New Jersey Nets,1997-98,82,43,39,242.4,37.3,84.5,0.441,3.8,11.4,0.331,33.5,73.1,0.458,21.3,28.7,0.744,16.4,26.1,42.5,20.5,9.5,3.8,14.4,23.4,99.6
Phoenix Suns,1997-98,82,56,26,243.4,38.3,81.8,0.468,5.3,14.8,0.356,33,67.1,0.492,17.8,23.8,0.749,12.1,29.9,42,25.9,9.2,5.2,15.1,21.5,99.6
Houston Rockets,1997-98,82,41,41,241.8,35.9,79.4,0.452,7,20.4,0.343,28.9,59.1,0.49,19.9,25.9,0.771,12,28.7,40.7,21.9,8.4,3.6,15.8,20.2,98.8
Washington Wizards,1997-98,82,42,40,241.5,37.6,83.1,0.452,3.9,11.5,0.339,33.7,71.5,0.47,18.2,26.3,0.691,13.7,28.5,42.2,23.2,8.4,4.6,14.1,22.4,97.2
Chicago Bulls,1997-98,82,62,20,242.1,37.4,82.9,0.451,3.8,11.7,0.323,33.6,71.2,0.471,18.2,24.5,0.743,15.2,29.7,44.9,23.8,8.5,4.3,14.4,20.6,96.7
Charlotte Hornets,1997-98,82,51,31,241.2,36.2,77.4,0.468,4.2,11,0.383,32,66.3,0.482,20,26.7,0.751,12,28.5,40.6,23.7,8.4,3.8,15.2,21.4,96.6
Vancouver Grizzlies,1997-98,82,19,63,241.8,36.7,80.1,0.458,4,11,0.362,32.7,69.1,0.473,19.3,26.2,0.739,13.2,28.2,41.4,23.9,7.5,4.3,17.1,22.1,96.6
Indiana Pacers,1997-98,82,58,24,241.8,35.6,75.9,0.469,4.9,12.5,0.39,30.7,63.3,0.485,19.9,26,0.764,10.7,28.6,39.3,23,7.9,4.5,14.2,22.7,96
Los Angeles Clippers,1997-98,82,17,65,241.2,35.7,81.6,0.438,6.4,17.9,0.358,29.3,63.7,0.461,18,25,0.723,12.7,27.8,40.4,18.7,7.6,5.6,16.1,22.3,95.9
Boston Celtics,1997-98,82,36,46,240.6,36.7,84.6,0.434,5.1,15.2,0.332,31.7,69.3,0.457,17.4,24,0.726,14.6,24.9,39.5,22.1,12,4.5,16.2,26.9,95.9
Atlanta Hawks,1997-98,82,50,32,242.4,35.2,77.5,0.455,4.1,12.4,0.332,31.1,65.1,0.478,21.3,28.2,0.756,13.5,29.5,43,19.1,8,6,14.8,20.4,95.9
Miami Heat,1997-98,82,55,27,240.9,34.8,77.2,0.45,6.7,18.8,0.355,28.1,58.3,0.481,18.8,25.4,0.739,12.5,29.5,42,21.4,8.1,5.2,15,24.2,95
Toronto Raptors,1997-98,82,16,66,243,36.2,83.1,0.435,4.5,13.2,0.343,31.6,69.8,0.453,18,25.1,0.718,14.5,26.2,40.7,21.3,9.4,8.1,16.7,22.6,94.9
Milwaukee Bucks,1997-98,82,36,46,243,35.6,78,0.456,3,8.6,0.354,32.5,69.5,0.469,20.3,26.4,0.767,12.6,27.3,39.9,20.1,8.9,4.4,16.9,23.4,94.5
Portland Trail Blazers,1997-98,82,46,36,241.8,35.2,78,0.451,4,12.8,0.309,31.2,65.2,0.479,20,27.1,0.737,13.2,30.8,44,21.5,7.1,5.7,16.9,22.7,94.3
Detroit Pistons,1997-98,82,37,45,243.4,34.9,77.7,0.449,3.6,11.4,0.312,31.3,66.3,0.473,20.8,27.9,0.745,12.7,28.5,41.2,19.5,8.3,4.2,14.6,22,94.2
Philadelphia 76ers,1997-98,82,31,51,240.9,34.6,78.2,0.443,3,9.9,0.3,31.6,68.3,0.463,21.1,28.7,0.737,13.7,28,41.7,21.1,8.9,6,16.5,22.9,93.3
Sacramento Kings,1997-98,82,27,55,240.6,36.1,81.5,0.442,3.5,9.8,0.351,32.6,71.7,0.455,17.6,25.6,0.687,13.3,28.1,41.4,22.4,7.3,5.1,15.5,22.1,93.1
San Antonio Spurs,1997-98,82,56,26,241.8,35.3,75.5,0.468,3.7,10.5,0.35,31.7,64.9,0.488,18.2,26.4,0.688,12,32.2,44.2,22.4,6.3,6.9,16.1,21.1,92.5
Cleveland Cavaliers,1997-98,82,47,35,241.8,34.4,75.7,0.454,3.6,9.8,0.372,30.7,65.9,0.466,20.2,26.7,0.756,11.6,28.4,40.1,23.1,9.9,5.1,17.3,23.6,92.5
New York Knicks,1997-98,82,43,39,241.8,34.9,78.2,0.447,4.7,13.9,0.335,30.3,64.3,0.471,17.1,22.1,0.772,11.9,29.7,41.6,21.8,7.7,3.4,15.2,23.7,91.6
Dallas Mavericks,1997-98,82,20,62,242.7,35.1,82.4,0.427,5.1,14.4,0.357,30,67.9,0.442,16,21.2,0.753,12.3,27.8,40.1,18.7,7.9,5.7,14.4,20,91.4
Orlando Magic,1997-98,82,41,41,241.8,33.8,78.7,0.429,3.6,11.1,0.323,30.2,67.7,0.447,18.9,26.1,0.726,14.4,26.9,41.2,20.7,7.9,5.4,15.3,19.7,90.1
Denver Nuggets,1997-98,82,11,71,240.6,32.6,78.2,0.417,3.5,10.9,0.323,29.1,67.3,0.433,20.2,26.2,0.772,12.7,26.3,39,18.9,8.1,4.8,16,23.6,89
Golden State Warriors,1997-98,82,19,63,241.8,34.7,83.9,0.413,2.3,8.5,0.272,32.4,75.5,0.429,16.6,23.3,0.71,15.7,30.2,45.9,20.8,7.6,5.5,16.7,22.7,88.3